Keyword,Search Volume,CPC,Competition,KD,Backlinks,Referring Domains,Domain Rank,Intent
"ai seo",8100,21.73,0.45,41,992,231.1,50,navigational
"search atlas ai seo software",3600,12.89,0.63,17,512.8,64.2,54,commercial
"ai seo tool",2900,28.19,0.11,64,4462.8,659.2,51,commercial
"ai seo tools",2900,28.19,0.11,64,2486.9,630.8,39,commercial
"the hyundai seoul",1300,1.52,0.02,6,83.5,32.5,60,commercial
"ai seo service",880,25.18,0.16,69,2653.2,472.1,38,navigational
"dubai seo company",880,38.02,0.05,35,1694.7,182.5,39,navigational
"dubai seo companies",880,38.02,0.05,21,1353.4,121.1,44,navigational
"ai seo services",880,25.18,0.16,14,381.1,63.2,32,navigational
"dubai seo",880,56.8,0.02,64,6132.9,262.7,37,commercial
"ai seo optimization",720,25.85,0.53,43,1126.9,246.4,50,commercial
"ai seo agencies",590,25.95,0.19,68,3365.9,474.9,38,navigational
"best ai seo tool",590,21.43,0.08,65,856.6,140.9,53,commercial
"best ai seo tools",590,21.43,0.08,65,3180.4,661.1,47,commercial
"ai seo agency",590,25.95,0.19,23,373.1,103.6,34,navigational
"mumbai seo company",480,0,0.01,38,3294.9,82.4,36,navigational
"ai seo software",480,30.66,0.18,64,2560.5,615,41,commercial
"hyundai seoul",480,1.92,0.01,7,32.1,13.7,64,commercial
"ai seo content generator",480,20.33,0.05,54,5785.2,1043.2,43,commercial
"ai seo company",390,36.38,0.31,18,3748.6,580.3,35,navigational
"ai seo companies",390,36.38,0.31,18,938.5,147.9,38,navigational
"hyundai seoul mall",390,0.94,0.04,2,23.5,9.8,56,navigational
"ai seo content writing",320,23.29,0.02,72,3294.9,519,43,commercial
"ai seo content writer",320,23.29,0.02,72,3748.7,650.6,40,commercial
"free ai seo tools",260,14.38,0.15,48,929.7,271.1,47,commercial
"best ai seo software",260,30.29,0.03,40,3185,745.4,41,commercial
"best ai seo",260,20.7,0.01,79,5191.1,972.6,48,commercial
"free ai seo tool",260,14.38,0.15,48,1156,224.5,39,commercial
"ai seo optimization tool",210,17.07,0.08,73,3076,771.1,40,commercial
"ai seo courses",210,8.22,0.63,0,0,0,0,navigational
"ai seo analyzer",210,27.49,0.14,67,24838.7,617.1,45,commercial
"semrush ai seo",210,8.4,0.37,27,60.7,24.4,57,commercial
"super intelligent ai seo",210,18.87,0.23,6,10.5,1.4,74,commercial
"ai seo optimization tools",210,17.07,0.08,41,1431.4,344.1,42,commercial
"ai seo course",210,8.22,0.63,0,12.6,5.3,48,navigational
"best ai seo tools 2025",170,23.12,0.15,6,46,15.4,47,transactional
"ai seo writer",170,9.38,0.11,68,6943.1,1044.7,45,commercial
"ai seo writing",170,9.38,0.11,72,10632.6,1277.7,52,commercial
"ai seo agent",170,14.37,0.1,8,87.7,12.9,40,commercial
"shanghai seoul flight time",170,0,0.02,0,0.1,0.1,61,commercial
"generative ai seo",170,15.84,0.48,34,204.4,48.9,60,navigational
"profound ai seo",170,13.12,0.72,20,151.4,61,52,commercial
"alli ai seo",140,1.41,0.46,10,271.7,99,63,commercial
"dubai seo expert",140,0,0.01,12,366.9,102.8,35,commercial
"generative ai seo software",140,0,0,19,1141,337.9,31,commercial
"ai seo platform",140,31.58,0.08,54,2042.2,529.8,39,commercial
"what is ai seo",140,13.71,0.45,39,118.6,51.3,51,informational
"gallery hyundai seoul korea",140,0,0,4,47,6.4,59,commercial
"gallery hyundai seoul",140,0,0,4,47,6.4,57,commercial
"best ai seo tools 2024",110,0,0.01,5,55.6,20.1,51,commercial
"ai seo content",110,30.75,0.03,71,2699.5,706.9,52,commercial
"dubai seo services",110,0,0.01,45,5914.9,225.5,36,navigational
"orakai seoul",110,5.12,0.68,1,36.1,10.7,56,commercial
"ai seo tools 2025",110,22.77,0.04,20,375.6,87.8,41,transactional
"ai seo title generator",110,1.3,0.02,6,38.6,17.7,47,commercial
"ai seo free",110,16.44,0.09,25,551.9,121.3,43,navigational
"ai seo company coalition",110,6.19,0.47,42,1583,114.8,63,navigational
"ai seo tools for small business",110,15.42,0.07,5,35.4,12.7,43,commercial
"ai seo strategy",110,10.15,0.16,33,80.3,32.7,55,commercial
"mumbai seo services",110,0,0.07,31,3176.2,157.4,34,navigational
"ai seo strategies",110,10.15,0.16,24,1011.4,178.4,55,commercial
"ai seo audit",90,27.79,0.5,39,2663.5,313.3,43,commercial
"ai seo marketing",90,20.89,0.55,35,876.9,201.6,44,commercial
"semrush ai seo toolkit",90,7.36,0.16,15,8.1,2.6,54,transactional
"jasper.ai seo",90,10.08,0.03,34,12097.3,2183.1,58,commercial
"jasper ai seo",90,10.08,0.03,16,29.1,11.7,58,commercial
"the hyundai seoul photos",90,0,0,5,74.4,31,65,commercial
"google ai seo",90,17.05,0.21,56,15575.3,1544,62,navigational
"ai seo description generator",90,0,0.01,3,112.4,29.6,40,commercial
"ai seo blog writer",90,16.8,0.61,68,6988.4,1051.7,41,commercial
"free ai seo",70,23.33,0.06,47,872.7,237,38,navigational
"otto ai seo",70,6.85,0.84,7,239.3,67.6,58,commercial
"automated ai seo",70,0,0.02,28,977,217.9,38,commercial
"ai seo keywords",70,0,0,53,5413.1,1036.3,40,navigational
"ai seo wordpress",70,11.15,0.62,50,7037.8,943.9,63,commercial
"dubai seoul",70,5.85,0.06,0,0.2,0.2,57,commercial
"thai seo",70,0,0,9,213.7,19.7,33,navigational
"top ai seo tools",70,14.82,0.09,64,2127.8,450.4,38,commercial
"thai seoul",70,0,0.02,0,2.6,2.2,58,commercial
"ai seo tracker",70,15.78,0.23,21,728.3,136.9,34,commercial
"dubai seoul flight time",70,0,0,0,0.2,0.2,57,commercial
"generative ai seo tools",70,17.21,0.04,16,430.5,107.7,33,commercial
"chiang mai seo conference",70,0,0,0,58.7,35.4,72,commercial
"generative ai seo optimization",70,0,0.2,20,196.2,50.4,51,commercial
"what is ai seo called",70,0,0.1,16,32.1,14.1,56,informational
"ai seo keyword",70,0,0,39,1101.8,287.9,46,navigational
"okoai seoul photo",70,0,0,0,0.1,0.1,91,commercial
"geo ai seo",50,8.19,0.71,29,84.1,37.4,54,commercial
"the hyundai seoul mall",50,0,0.01,1,23.5,9.8,53,commercial
"chiang mai seo",50,0,0,0,60.4,36.6,59,commercial
"best free ai seo tools",50,21.19,0.11,23,1948.2,394.5,46,commercial
"ai seo tool free",50,18.57,0.17,35,674.7,174.6,37,commercial
"ai seo guide",50,10.01,0.39,23,42.2,19.7,51,commercial
"dubai seoul flights",50,0.33,0.15,0,0.2,0.2,54,commercial
"dubai seoul flight",50,0.33,0.15,0,0.2,0.2,60,commercial
"ai seo tools free",50,18.57,0.17,48,929.7,271.1,41,commercial
"dubai seo agency",40,0,0,43,5902.4,222.3,42,navigational
"ai seo tools for marketing agencies",40,13.09,1,23,626.7,208.2,31,commercial
"the hyundai seoul directory",40,0,0,0,3.8,1.9,43,commercial
"okoai seoul photo nyc",40,0,0.14,0,9.2,6.4,80,transactional